{
  "location": "Bozeman, MT",
  "subsections": [
    {
      "title": "Bozeman Overview",
      "highlights": [
        "College town with outdoor access, tech, and culture",
        "Home to Montana State University",
        "Gateway to Yellowstone and the Bridger Mountains"
      ]
    },
    {
      "title": "Dining & Coffee",
      "highlights": [
        "The Western Caf\u00e9 \u2013 classic Montana breakfast",
        "Jam! \u2013 brunch spot with big flavors",
        "Vienne \u2013 artisan bakery and coffee",
        "MAP Brewing \u2013 local beer with epic mountain views",
        "Blackbird \u2013 upscale pizza and seasonal dishes"
      ]
    },
    {
      "title": "Breweries & Nightlife",
      "highlights": [
        "MAP Brewing \u2013 beer + Bridger views",
        "Bozeman Brewing Co. \u2013 locals' favorite",
        "Shine & Bozeman Taproom \u2013 rooftop hangouts",
        "The Haufbrau & The Molly Brown \u2013 dive bar classics",
        "Live music at Rialto, The Elm, and local bars"
      ]
    },
    {
      "title": "Hiking & Outdoors",
      "highlights": [
        "The M Trail \u2013 quick hike with valley views",
        "Drinking Horse \u2013 shaded loop with a view",
        "Hyalite Canyon \u2013 waterfalls, lakes, snowshoeing",
        "Sypes Canyon & Triple Tree Trail \u2013 family friendly",
        "Ski Bridger Bowl (local hill) and Big Sky (1.5 hrs)"
      ]
    },
    {
      "title": "Family-Friendly Fun",
      "highlights": [
        "Museum of the Rockies \u2013 dinosaurs & planetarium",
        "Story Mill Park \u2013 nature walks and climbing walls",
        "Bozeman Hot Springs \u2013 pools + live music",
        "Sweet Pea Festival \u2013 art, food, kid activities (Aug)"
      ]
    },
    {
      "title": "Lodging & Neighborhoods",
      "highlights": [
        "Downtown hotels \u2013 near Main Street dining",
        "Northside motels \u2013 budget and basic",
        "Vacation rentals in Bridger Canyon or Four Corners",
        "Element Hotel \u2013 eco-conscious downtown stay"
      ]
    },
    {
      "title": "Skiing & Winter Sports",
      "highlights": [
        "Bridger Bowl \u2013 20 min from downtown, locals' hill",
        "Crosscut Nordic Center \u2013 XC skiing and biathlon",
        "Backcountry access in Hyalite & Bridgers",
        "Big Sky Resort \u2013 1.5 hour drive for luxury skiing"
      ]
    },
    {
      "title": "Shopping & Markets",
      "highlights": [
        "Downtown Bozeman \u2013 boutique retail + galleries",
        "Town & Country Foods \u2013 local grocery chain",
        "Gallatin Valley Mall \u2013 chain stores and cinema",
        "Bozeman Winter Farmers Market \u2013 seasonal produce"
      ]
    },
    {
      "title": "Events & Culture",
      "highlights": [
        "Art Walks (summer) \u2013 downtown galleries + wine",
        "Music on Main (Thursdays in July/Aug)",
        "Bozeman Ice Festival (Dec)",
        "Farmer\u2019s Market at Lindley Park (summer Sundays)"
      ]
    },
    {
      "title": "Loop Integration & Travel Tips",
      "highlights": [
        "Fly into BZN for Yellowstone and Montana access",
        "Great base before heading to Big Sky, Ennis, or Livingston",
        "Expect crowds in summer \u2013 book early",
        "Town has expanded \u2013 traffic can be heavy near Main St"
      ]
    }
  ]
}