{
  "location": "Cody, WY & Cooke City, MT",
  "subsections": [
    {
      "title": "Cody Overview",
      "highlights": [
        "Western gateway to Yellowstone via East Entrance",
        "Historic town founded by Buffalo Bill Cody",
        "Known for rodeos, museums, and proximity to Wapiti Valley"
      ]
    },
    {
      "title": "Cooke City Overview",
      "highlights": [
        "Small alpine town near Yellowstone\u2019s Northeast Entrance",
        "Known for rugged beauty, backcountry access, and snowmobiling",
        "Remote but scenic with limited services"
      ]
    },
    {
      "title": "Top Attractions in Cody",
      "highlights": [
        "Buffalo Bill Center of the West \u2013 five museums in one",
        "Cody Nite Rodeo \u2013 nightly summer rodeo action",
        "Old Trail Town \u2013 preserved frontier buildings",
        "Cody Firearms Experience \u2013 shooting range and museum"
      ]
    },
    {
      "title": "Dining & Lodging \u2013 Cody",
      "highlights": [
        "Irma Hotel \u2013 historic saloon and prime rib buffet",
        "Proud Cut Saloon \u2013 steaks and Western fare",
        "8th Street at the Ivy \u2013 upscale local favorite",
        "Cody Hotel, Chamberlin Inn, budget motels and RV parks"
      ]
    },
    {
      "title": "Dining & Lodging \u2013 Cooke City",
      "highlights": [
        "Miner's Saloon \u2013 pizza, beer, and town hangout",
        "Beartooth Caf\u00e9 \u2013 summer burgers and local fare",
        "Cooke City Alpine Motel \u2013 rustic and walkable",
        "Super 8, cabins, and a few seasonal lodges"
      ]
    },
    {
      "title": "Wapiti Valley Highlights",
      "highlights": [
        "Shoshone River canyon scenery",
        "Absaroka Mountain views",
        "Campgrounds and outfitters dotting the route",
        "Watch for bison, elk, and bald eagles"
      ]
    },
    {
      "title": "Outdoor Adventure",
      "highlights": [
        "Fishing on the Shoshone River (Cody area)",
        "Hiking: Elk Fork Trail, Hayden Arch Bridge",
        "Snowmobiling and backcountry skiing (Cooke City)",
        "Wildlife photography from Northeast Entrance corridor"
      ]
    },
    {
      "title": "Cultural Events & Local Experiences",
      "highlights": [
        "Cody Stampede Rodeo (July 1\u20134)",
        "Buffalo Bill Art Show & Sale (September)",
        "Live music, cowboy poetry, parades throughout summer",
        "Visitor center walking tours and local storytelling nights"
      ]
    },
    {
      "title": "Campgrounds & Access Routes",
      "highlights": [
        "Cody KOA and Buffalo Bill State Park Campgrounds",
        "Wapiti Campground (first-come, riverfront access)",
        "Pebble Creek Campground near Cooke City",
        "Lamar Valley access from Cooke City (best for wildlife)"
      ]
    },
    {
      "title": "Loop Integration & Travel Tips",
      "highlights": [
        "Cody is best for museums, basecamp before Yellowstone",
        "Cooke City is great for early wildlife spotting in Lamar",
        "Drive Chief Joseph to connect Cody to Beartooth Hwy",
        "Limited services in Cooke City\u2014fuel up and stock snacks"
      ]
    }
  ]
}