{
  "location": "Ennis & Virginia City, MT",
  "subsections": [
    {
      "title": "Ennis Overview",
      "highlights": [
        "Scenic small town in Madison Valley",
        "Known for world-class fly fishing on the Madison River",
        "Gateway to Yellowstone via the Norris-Quake route"
      ]
    },
    {
      "title": "Virginia City Overview",
      "highlights": [
        "Authentic 1860s gold rush ghost town",
        "Preserved boardwalks, saloons, and history tours",
        "Popular summer destination with living history exhibits"
      ]
    },
    {
      "title": "Dining & Drink \u2013 Ennis",
      "highlights": [
        "Gravel Bar \u2013 casual eats, great burgers",
        "Pic-A-Nic Basket \u2013 breakfast and bakery stop",
        "Burnt Tree Brewing \u2013 small-batch local beer",
        "Ennis Sugar High \u2013 sweets and coffee"
      ]
    },
    {
      "title": "Dining & Drink \u2013 Virginia City",
      "highlights": [
        "Wells Fargo Coffee House \u2013 hearty meals in historic setting",
        "Virginia City Creamery \u2013 old-school ice cream",
        "Bale of Hay Saloon \u2013 one of Montana\u2019s oldest bars"
      ]
    },
    {
      "title": "Lodging & Campgrounds",
      "highlights": [
        "Sportsman\u2019s Lodge (Ennis) \u2013 comfortable basecamp",
        "El Western Cabins \u2013 classic roadside lodge",
        "Virginia City Hotel \u2013 period charm in original buildings",
        "Ennis RV Park & Virginia City Campground \u2013 nearby tent and RV options"
      ]
    },
    {
      "title": "Fishing, Rafting & Outdoors",
      "highlights": [
        "Madison River fly fishing \u2013 access points in Ennis",
        "Floating from Lyons Bridge to Ennis Lake",
        "Mountain biking and hiking near Axolotl Lakes",
        "Horseback rides and pack trips available"
      ]
    },
    {
      "title": "Historic & Cultural Activities",
      "highlights": [
        "Virginia City Opera House \u2013 live shows all summer",
        "Train ride to Nevada City \u2013 short historic rail trip",
        "Stagecoach rides, living history performers, saloon tours",
        "Nevada City Museum \u2013 outdoor artifact collection"
      ]
    },
    {
      "title": "Scenic Drives & Routes",
      "highlights": [
        "Ennis to Virginia City via MT-287",
        "Gravelly Range Road (high-clearance vehicles)",
        "Ennis to Norris Hot Springs or Quake Lake",
        "Loop to Yellowstone via Earthquake Lake Visitor Center"
      ]
    },
    {
      "title": "Seasonal Events",
      "highlights": [
        "Virginia City\u2019s Brewfest and car shows",
        "Ennis 4th of July Parade and Rodeo",
        "Living history weekends (June\u2013August)",
        "Fall foliage drives in September"
      ]
    },
    {
      "title": "Loop Integration & Travel Tips",
      "highlights": [
        "Ennis is a quieter base near Yellowstone, ideal for anglers",
        "Virginia City is best explored mid-day to evening",
        "Limited winter services \u2013 most attractions seasonal",
        "Fun loop: Ennis \u2192 Virginia City \u2192 Norris \u2192 Bozeman or West Yellowstone"
      ]
    }
  ]
}