{
  "location": "Grand Teton National Park",
  "subsections": [
    {
      "title": "Iconic Landmarks & Photo Stops",
      "highlights": [
        "Mormon Row \u2013 historic barns with Teton backdrop",
        "Schwabacher Landing \u2013 sunrise photo hot spot",
        "Oxbow Bend \u2013 reflections of Mount Moran",
        "Signal Mountain Summit \u2013 panoramic view"
      ]
    },
    {
      "title": "Scenic Drives & Pullouts",
      "highlights": [
        "Teton Park Road \u2013 from Moose to Jackson Lake Junction",
        "Moose-Wilson Road \u2013 great for moose sightings",
        "Jenny Lake Scenic Drive \u2013 loop with lake access",
        "Highway 89/191/26 \u2013 eastern views of the Tetons"
      ]
    },
    {
      "title": "Hiking Trails by Difficulty",
      "highlights": [
        "Easy: Taggart Lake Loop, Jenny Lake Loop, Hermitage Point",
        "Moderate: Hidden Falls & Inspiration Point, Phelps Lake Overlook, Bradley-Taggart Loop",
        "Strenuous: Cascade Canyon Trail, Paintbrush Canyon Loop, Static Peak Divide"
      ]
    },
    {
      "title": "Visitor Centers & Park Entrances",
      "highlights": [
        "Moose Visitor Center \u2013 southern hub",
        "Jenny Lake Visitor Center \u2013 trail access",
        "Colter Bay Visitor Center \u2013 northern access",
        "Flagg Ranch \u2013 connects to Yellowstone South Entrance"
      ]
    },
    {
      "title": "Wildlife Watching",
      "highlights": [
        "Best times: dawn and dusk",
        "Willow Flats Overlook \u2013 moose, elk",
        "Oxbow Bend \u2013 bears and birds",
        "Snake River corridor \u2013 common sightings"
      ]
    },
    {
      "title": "Family-Friendly Activities",
      "highlights": [
        "Junior Ranger Program at visitor centers",
        "Jenny Lake boat shuttle and Hidden Falls hike",
        "Picnic areas at String Lake and Colter Bay",
        "Educational signage and ranger programs"
      ]
    },
    {
      "title": "Boating, Fishing & Water Access",
      "highlights": [
        "Jenny Lake \u2013 kayak and shuttle rentals",
        "Jackson Lake \u2013 motorboats, marinas at Colter Bay",
        "Snake River \u2013 rafting and float trips (permits required)"
      ]
    },
    {
      "title": "Seasonal Travel & Closures",
      "highlights": [
        "Moose-Wilson Road closes during spring/fall for bear activity",
        "Teton Park Road closed Nov\u2013Apr to vehicles, open for skiing",
        "Jenny Lake access varies by snowpack"
      ]
    },
    {
      "title": "Dining, Lodging & Camping",
      "highlights": [
        "Lodges: Jackson Lake Lodge, Jenny Lake Lodge, Colter Bay Cabins",
        "Dining: Signal Mountain Lodge diner, Dornan\u2019s pizza deck",
        "Campgrounds: Gros Ventre, Jenny Lake, Colter Bay, Lizard Creek"
      ]
    },
    {
      "title": "Loop Integration & Route Planning",
      "highlights": [
        "Common routes from Jackson and Driggs into Yellowstone",
        "Sunrise/sunset logic for wildlife and photo ops",
        "Ideal for photographers, families, and kayak/hike combos"
      ]
    }
  ]
}