{
  "location": "Jackson Hole & Driggs",
  "subsections": [
    {
      "title": "Dining: Restaurants, Food Trucks & Caf\u00e9s",
      "highlights": [
        "Hand Fire Pizza \u2013 wood-fired in downtown Jackson",
        "Taco Shack (Driggs) \u2013 authentic and budget-friendly",
        "Bin22 \u2013 wine bar + small plates",
        "Pearl Street Bagels \u2013 local breakfast favorite"
      ]
    },
    {
      "title": "Breweries, Bars & Apr\u00e8s-Ski",
      "highlights": [
        "Roadhouse Brewing \u2013 beers and burgers",
        "Snake River Brewing \u2013 Jackson institution",
        "The Mangy Moose \u2013 Teton Village apr\u00e8s spot",
        "Citizen 33 Brewery \u2013 Driggs local scene"
      ]
    },
    {
      "title": "Lodging & Vacation Rentals",
      "highlights": [
        "Teton Mountain Lodge & Spa \u2013 upscale Teton Village",
        "The Anvil Hotel \u2013 rustic-modern in downtown Jackson",
        "Teton Valley Cabins \u2013 budget-friendly in Driggs",
        "Airbnb cabins with ski access and hot tubs"
      ]
    },
    {
      "title": "Scenic Loops & Access Points",
      "highlights": [
        "Moose-Wilson Road to GTNP \u2013 great wildlife corridor",
        "Driggs to Mesa Falls Scenic Byway",
        "Teton Pass to Jackson \u2013 panoramic alpine route"
      ]
    },
    {
      "title": "Grand Teton & National Park Entry",
      "highlights": [
        "Moose Entrance Station \u2013 most direct GTNP access",
        "Flagg Ranch \u2013 northern connector from Driggs",
        "Jenny Lake trailhead and shuttle service"
      ]
    },
    {
      "title": "Family-Friendly Activities",
      "highlights": [
        "Jackson Hole Children's Museum",
        "Wildlife art drive-thru at National Museum of Wildlife Art",
        "Playgrounds and splash pads in Victor and Jackson",
        "Scenic float trips on the Snake River"
      ]
    },
    {
      "title": "Ski Resorts & Winter Activities",
      "highlights": [
        "Jackson Hole Mountain Resort \u2013 expert terrain",
        "Snow King \u2013 night skiing and tubing in Jackson",
        "Grand Targhee Resort \u2013 powder and family-friendly runs"
      ]
    },
    {
      "title": "Outdoor Recreation & Hiking",
      "highlights": [
        "Table Mountain Trail \u2013 epic views of the Tetons",
        "Cache Creek Trail \u2013 dog-friendly and close to Jackson",
        "Darby Canyon Wind Cave \u2013 Driggs classic"
      ]
    },
    {
      "title": "Shopping, Markets & Artisan Goods",
      "highlights": [
        "Jackson Hole Farmers Market (summer weekends)",
        "Driggs Mercantile \u2013 local handmade goods",
        "Mountain Dandy \u2013 home decor & Western modern"
      ]
    },
    {
      "title": "Local Tips & Loop Integration",
      "highlights": [
        "Teton Scenic Loop Connector: Jackson \u2192 Driggs \u2192 GTNP",
        "Avoid midday traffic on Cache Street (Jackson)",
        "Great shoulder season visit: late May or early October"
      ]
    }
  ]
}