{
  "location": "Livingston & Gardiner, MT",
  "subsections": [
    {
      "title": "Livingston Overview",
      "highlights": [
        "Historic railroad town turned artsy mountain hub",
        "Nestled along the Yellowstone River with Paradise Valley access",
        "Known for fly fishing, literary ties, and charming downtown"
      ]
    },
    {
      "title": "Gardiner Overview",
      "highlights": [
        "Yellowstone\u2019s only year-round entrance (North Entrance)",
        "Home to Roosevelt Arch and Yellowstone River gateway",
        "Small-town base for wildlife, hot springs, and park access"
      ]
    },
    {
      "title": "Dining & Coffee \u2013 Livingston",
      "highlights": [
        "Gil\u2019s Goods \u2013 wood-fired pizzas, hearty breakfast",
        "Faye's Caf\u00e9 \u2013 seasonal, creative breakfast & brunch",
        "Neptunes Brewery \u2013 local favorite with pub fare",
        "Treeline Coffee \u2013 great for a travel stop recharge"
      ]
    },
    {
      "title": "Dining & Coffee \u2013 Gardiner",
      "highlights": [
        "Yellowstone Pizza Company \u2013 scenic rooftop view",
        "Iron Horse Bar & Grill \u2013 hearty American eats",
        "Tumbleweed Bookstore & Caf\u00e9 \u2013 cozy stop with coffee",
        "Wonderland Caf\u00e9 \u2013 good food, beer, and vibes"
      ]
    },
    {
      "title": "Lodging & Campgrounds",
      "highlights": [
        "Murray Hotel \u2013 historic downtown Livingston stay",
        "Yellowstone Gateway Inn \u2013 extended stays in Gardiner",
        "Mammoth Campground (inside park, year-round)",
        "Livingston KOA & Yellowstone RV Park \u2013 riverfront access"
      ]
    },
    {
      "title": "Fly Fishing & Outdoor Activities",
      "highlights": [
        "Yellowstone River fly fishing (guided or DIY)",
        "Floating & kayaking between Livingston and Gardiner",
        "Hiking Pine Creek Falls or Passage Creek near Livingston",
        "Gardiner rafting and Lamar Valley wildlife watching"
      ]
    },
    {
      "title": "Hot Springs Access",
      "highlights": [
        "Chico Hot Springs \u2013 historic lodge + soaking pool",
        "Yellowstone Hot Springs \u2013 newer facility near Gardiner",
        "Boiling River (closed indefinitely) \u2013 once popular swim spot",
        "Private tubs available at some lodging in Paradise Valley"
      ]
    },
    {
      "title": "Museums & History",
      "highlights": [
        "Livingston Depot Museum \u2013 railroad and regional history",
        "Park County Museum \u2013 small but rich exhibits",
        "Roosevelt Arch \u2013 historic North Entrance to Yellowstone"
      ]
    },
    {
      "title": "Events & Local Culture",
      "highlights": [
        "Livingston Roundup Rodeo (July 2\u20134)",
        "Art walks and gallery openings (summer)",
        "Live music at Pine Creek Lodge & Murray Bar",
        "Gardiner 4th of July Parade and Old West Days"
      ]
    },
    {
      "title": "Loop Integration & Travel Tips",
      "highlights": [
        "Start your Yellowstone loop in Gardiner for wildlife at dawn",
        "Stay in Livingston for charming evenings and dining",
        "Use Highway 89 for a scenic Paradise Valley drive",
        "Expect elk traffic in Gardiner and hot springs crowds in summer"
      ]
    }
  ]
}