{
  "location": "Red Lodge, Beartooth Highway & Chief Joseph Scenic Byway",
  "subsections": [
    {
      "title": "Red Lodge Overview",
      "highlights": [
        "Historic mountain town with Western charm",
        "Gateway to Beartooth Highway",
        "Known for its ski hill, summer events, and downtown"
      ]
    },
    {
      "title": "Skiing: Red Lodge Mountain",
      "highlights": [
        "Pricing: $60\u2013$85/day",
        "Terrain: Groomers, tree runs, expert chutes",
        "Vibe: Family-friendly, uncrowded, no frills",
        "Great local hill for beginners to advanced skiers"
      ]
    },
    {
      "title": "Dining & Breweries",
      "highlights": [
        "Red Lodge Pizza Co \u2013 family spot with local beers",
        "Carbon County Steakhouse \u2013 high-end Western steakhouse",
        "Prerogative Kitchen \u2013 modern seasonal plates",
        "Red Lodge Ales Brewing \u2013 local brews and pub fare"
      ]
    },
    {
      "title": "Lodging & Campgrounds",
      "highlights": [
        "Lupine Inn \u2013 basic accommodations near downtown",
        "Rock Creek Resort \u2013 scenic setting outside town",
        "KOA Red Lodge \u2013 cabins, RV, and tent camping",
        "Cascade and Greenough Lake Campgrounds \u2013 forest sites near Beartooth start"
      ]
    },
    {
      "title": "Beartooth Highway Highlights",
      "highlights": [
        "US Highway 212 \u2013 'the most beautiful drive in America'",
        "66 miles of alpine switchbacks, peaks, and lakes",
        "Elevation: 10,947 feet at Beartooth Pass",
        "Open late May to early October (weather-dependent)"
      ]
    },
    {
      "title": "Beartooth Hiking & Views",
      "highlights": [
        "Top of the World Trail \u2013 alpine meadows and lakes",
        "Beartooth Lake \u2013 easy stroll with picnic access",
        "Clay Butte Lookout \u2013 historic fire tower views",
        "Island Lake Trail \u2013 family-friendly alpine hike"
      ]
    },
    {
      "title": "Chief Joseph Scenic Byway",
      "highlights": [
        "WY-296 connecting Beartooth Highway to Cody",
        "Panoramic valleys, switchbacks, and wildflowers",
        "Dead Indian Pass \u2013 stunning viewpoint with history",
        "Great wildlife spotting area: bighorn sheep, elk"
      ]
    },
    {
      "title": "Campgrounds & Picnic Areas (Highways)",
      "highlights": [
        "Beartooth Lake Campground \u2013 first-come, no hookups",
        "Crazy Creek Campground \u2013 tent and trailer access",
        "Island Lake Campground \u2013 popular with anglers",
        "Pilot Creek and Fox Creek Campgrounds \u2013 quieter options"
      ]
    },
    {
      "title": "Local Events & Festivals",
      "highlights": [
        "Red Lodge Music Festival (June)",
        "Home of Champions Rodeo (July)",
        "Beartooth Rally (motorcycle event, July)",
        "Christmas Stroll (winter kickoff in December)"
      ]
    },
    {
      "title": "Loop Integration & Travel Tips",
      "highlights": [
        "Ideal loop: Red Lodge \u2192 Beartooth \u2192 Chief Joseph \u2192 Cody",
        "Refuel before leaving Red Lodge (no gas until Cooke City)",
        "Travel early to avoid RV traffic",
        "Combine with Yellowstone Northeast Entrance itinerary"
      ]
    }
  ]
}