{
  "location": "Ski Resorts \u2013 Yellowstone Region",
  "subsections": [
    {
      "resort": "Bridger Bowl",
      "location": "Bozeman, MT",
      "pricing": "$70\u2013$85/day",
      "terrain": "Steep ridgelines, hike-to terrain, family areas",
      "vibe": "Local favorite, no-frills powder days",
      "pass": "None (independent)",
      "notes": [
        "Advanced terrain requires avalanche gear",
        "Great for locals and strong intermediates"
      ]
    },
    {
      "resort": "Big Sky Resort",
      "location": "Big Sky, MT",
      "pricing": "$175\u2013$240/day",
      "terrain": "Massive terrain, expert bowls, groomers",
      "vibe": "Luxury resort, full amenities",
      "pass": "Ikon Pass",
      "notes": [
        "Biggest terrain in Montana",
        "Iconic Lone Peak Tram not included in base pass"
      ]
    },
    {
      "resort": "Showdown Montana",
      "location": "Neihart, MT",
      "pricing": "$50\u2013$65/day",
      "terrain": "Beginner to intermediate slopes",
      "vibe": "Retro local hill, family-friendly",
      "pass": "None",
      "notes": [
        "Affordable lift tickets",
        "Small but great on powder days"
      ]
    },
    {
      "resort": "Discovery Ski Area",
      "location": "Philipsburg, MT",
      "pricing": "$55\u2013$75/day",
      "terrain": "Steeps, tree skiing, beginner area",
      "vibe": "Underrated, no crowds",
      "pass": "None",
      "notes": [
        "Three separate mountain faces",
        "Locals' secret with great terrain variety"
      ]
    },
    {
      "resort": "Jackson Hole Mountain Resort",
      "location": "Teton Village, WY",
      "pricing": "$165\u2013$210/day",
      "terrain": "Extreme steeps, expert chutes, backcountry access",
      "vibe": "Elite, high-energy, big mountain",
      "pass": "Ikon Pass",
      "notes": [
        "Tram access is world-renowned",
        "Challenging for first-timers"
      ]
    },
    {
      "resort": "Snow King Mountain",
      "location": "Jackson, WY",
      "pricing": "$50\u2013$75/day",
      "terrain": "Steep frontside, night skiing",
      "vibe": "Town hill for quick laps",
      "pass": "None",
      "notes": [
        "Great night skiing option",
        "Close to lodging in Jackson"
      ]
    },
    {
      "resort": "Grand Targhee Resort",
      "location": "Alta, WY",
      "pricing": "$95\u2013$130/day",
      "terrain": "Deep snow, tree skiing, wide open bowls",
      "vibe": "Powder magnet, laid-back",
      "pass": "Mountain Collective, Indy Pass",
      "notes": [
        "High snowfall with relaxed vibe",
        "Great for families and powder lovers"
      ]
    }
  ]
}