{
  "location": "West Yellowstone",
  "subsections": [
    {
      "title": "Lodging & Hotels",
      "highlights": [
        "1872 Inn \u2013 upscale adults-only lodging",
        "Kelly Inn \u2013 family-friendly, close to the park",
        "Explorer Cabins \u2013 cozy and well-equipped",
        "Stagecoach Inn, Holiday Inn, and budget motels"
      ]
    },
    {
      "title": "Campgrounds & RV Parks",
      "highlights": [
        "Madison Campground \u2013 NPS-run, 13 miles inside the park",
        "Bakers Hole Campground \u2013 forested, north of town, reservable",
        "Grizzly RV Park \u2013 full hookups, laundry, showers",
        "Buffalo Crossing RV Park \u2013 walking distance to town"
      ]
    },
    {
      "title": "Hiking & Running Trails",
      "highlights": [
        "Riverside Trail \u2013 scenic run/hike along Madison River",
        "Boundary Trail \u2013 runs along Yellowstone boundary, good for sunrise runs",
        "Purple Mountain Trail \u2013 6 miles round-trip with views",
        "Lonesomehurst Trail \u2013 flat and peaceful forest loop"
      ]
    },
    {
      "title": "Snowmobiling & Winter Activities",
      "highlights": [
        "Guided and unguided snowmobile rentals available",
        "Old Faithful access via snowmobile in winter (permits required)",
        "Snowcoach tours, cross-country skiing, wildlife tracking",
        "Outfitters: Yellowstone Adventures, Two Top, Backcountry Adventures"
      ]
    },
    {
      "title": "Dining, Breweries & Coffee Shops",
      "highlights": [
        "Wild West Pizzeria & Saloon \u2013 great pizza + beer",
        "Madison Crossing Lounge \u2013 upscale mountain dining",
        "Three Bear Restaurant \u2013 hearty breakfast",
        "Steam Coffee, Espresso West \u2013 local coffee shops",
        "Slippery Otter Pub \u2013 local beer and good food"
      ]
    },
    {
      "title": "Family-Friendly Activities",
      "highlights": [
        "Grizzly & Wolf Discovery Center \u2013 wildlife education and live animals",
        "IMAX Theatre \u2013 nature films and family shows",
        "Yellowstone Giant Screen \u2013 Yellowstone-specific features",
        "Snow play areas in winter, junior ranger activities in summer"
      ]
    },
    {
      "title": "Photography Hotspots: Sunrise & Sunset",
      "highlights": [
        "Riverside Trail \u2013 morning mist along Madison River",
        "Madison Junction \u2013 sunrise over open meadows",
        "Duck Creek Road \u2013 forest shadows at sunset",
        "Yellowstone boundary pullouts \u2013 stars, alpenglow on peaks"
      ]
    },
    {
      "title": "Outdoor Gear Rentals & Shops",
      "highlights": [
        "Snowmobile and ski rentals: Yellowstone Adventures, Freeheel & Wheel, Gallatin Alpine Sports",
        "Bear spray, boots, and trail gear at Eagle\u2019s Store",
        "Bike rentals available seasonally"
      ]
    },
    {
      "title": "Museum & Visitor Centers",
      "highlights": [
        "Yellowstone Historic Center Museum \u2013 railroad and park gateway history",
        "NPS West Yellowstone Visitor Info Center \u2013 maps, ranger talks",
        "Gift shops and interpretation signs in town"
      ]
    },
    {
      "title": "Loop Integration & Local Tips",
      "highlights": [
        "Ideal base for exploring Yellowstone\u2019s western features",
        "Sunrise park entries and late exits are best for wildlife",
        "Food Roundup and Market Place for groceries",
        "Fuel up before entering park \u2013 next gas is 20+ miles in"
      ]
    }
  ]
}