{
  "location": "Yellowstone National Park",
  "subsections": [
    {
      "title": "Overview",
      "highlights": [
        "First national park in the world, established in 1872",
        "Located in Wyoming, Montana, and Idaho",
        "Known for geysers, wildlife, canyons, and volcanic history"
      ]
    },
    {
      "title": "Top Attractions",
      "highlights": [
        "Old Faithful \u2013 erupts ~every 90 minutes",
        "Grand Prismatic Spring \u2013 vivid colors, large hot spring",
        "Yellowstone Lake \u2013 largest alpine lake in North America",
        "Grand Canyon of the Yellowstone \u2013 dramatic falls and views",
        "Mammoth Hot Springs \u2013 terraces and historic Fort Yellowstone"
      ]
    },
    {
      "title": "Wildlife Watching",
      "highlights": [
        "Lamar Valley \u2013 best for wolves and bison",
        "Hayden Valley \u2013 grizzlies, elk, and waterfowl",
        "Black bears often seen near Tower-Roosevelt",
        "Early morning and dusk are prime viewing times",
        "Always stay 100 yards from bears/wolves, 25 yards from others"
      ]
    },
    {
      "title": "Hiking & Trails",
      "highlights": [
        "Fairy Falls \u2013 5-mile roundtrip to waterfall and Prismatic overlook",
        "Uncle Tom\u2019s Trail \u2013 steep stair descent to Lower Falls",
        "Mt. Washburn \u2013 panoramic summit views",
        "Yellowstone River Picnic Area Trail \u2013 wildlife and river vistas",
        "Mystic Falls via Biscuit Basin \u2013 great thermal/hiking combo"
      ]
    },
    {
      "title": "Lodging & Campgrounds",
      "highlights": [
        "Old Faithful Inn \u2013 historic lodge with geyser views",
        "Canyon Lodge \u2013 central base with modern amenities",
        "Grant Village \u2013 near Yellowstone Lake",
        "Madison, Pebble Creek, and Slough Creek \u2013 top campgrounds",
        "Book early: reservations open 6\u201313 months out"
      ]
    },
    {
      "title": "Geothermal & Geology",
      "highlights": [
        "Over 10,000 geothermal features in the park",
        "Geysers, hot springs, mud pots, and fumaroles",
        "Sits atop a supervolcano caldera",
        "Norris Geyser Basin \u2013 hottest, most active thermal area",
        "Always stay on boardwalks \u2013 thermal areas can be deadly"
      ]
    },
    {
      "title": "Seasonal Tips & Closures",
      "highlights": [
        "Spring: wildlife birthing season, some roads closed",
        "Summer: busiest, all roads open, book early",
        "Fall: elk rutting season, fewer crowds",
        "Winter: snowcoach access, wolves easier to see",
        "Check NPS alerts for road and weather conditions"
      ]
    },
    {
      "title": "Activities & Tours",
      "highlights": [
        "Guided hikes, wildlife tours, photography workshops",
        "Boating & paddling on Yellowstone Lake (permit required)",
        "Horseback rides and stagecoach experiences at Roosevelt",
        "Junior Ranger programs for kids",
        "Fishing \u2013 permit required, catch-and-release zones"
      ]
    },
    {
      "title": "Park Rules & Safety",
      "highlights": [
        "No cannabis \u2013 Yellowstone is federal land",
        "Bear spray strongly recommended \u2013 know how to use it",
        "No drones, no feeding wildlife",
        "Pack out all trash \u2013 Leave No Trace",
        "Respect thermal zones and posted warnings"
      ]
    },
    {
      "title": "Loop Integration & Travel Tips",
      "highlights": [
        "Plan 4\u20137 days to fully explore all regions",
        "Stay in multiple locations for less driving",
        "Avoid peak hours (10AM\u20134PM) at top attractions",
        "Bring layers \u2013 temps vary wildly",
        "Gas up often \u2013 stations are limited inside the park"
      ]
    }
  ]
}